label,points/0/0,points/0/1,points/1/0,points/1/1,group_id,shape_type
brakedisc,282.5454545454545,1194.2727272727273,2659.818181818182,3021.5454545454545,,rectangle
