label,points/0/0,points/0/1,points/1/0,points/1/1,group_id,shape_type
brakedisc,373.4545454545455,1153.3636363636363,2555.272727272727,3153.3636363636365,,rectangle
